node_1,node_2,negative prob,positive prob
0,132,0.0,1.0
0,276,0.0,1.0
0,398,0.0,1.0
0,555,0.0,1.0
0,603,0.0,1.0
1,611,0.0,1.0
2,265,0.0,1.0
2,345,0.0,1.0
3,40,0.0,1.0
3,65,0.0,1.0
3,185,0.0,1.0
3,228,0.0,1.0
3,299,0.0,1.0
3,377,0.0,1.0
3,608,0.0,1.0
4,9,0.3333333333333333,0.6666666666666666
6,429,0.0,1.0
6,486,0.0,1.0
6,518,0.0,1.0
7,265,0.0,1.0
7,293,0.0,1.0
7,339,0.0,1.0
7,444,0.0,1.0
7,583,0.0,1.0
8,434,0.0,1.0
9,15,0.0,1.0
9,23,0.0,1.0
9,56,0.0,1.0
9,67,0.0,1.0
9,89,0.0,1.0
9,90,0.0,1.0
9,189,0.0,1.0
9,206,0.0,1.0
9,229,0.0,1.0
9,248,0.0,1.0
9,254,0.0,1.0
9,265,0.0,1.0
9,288,0.0,1.0
9,289,0.0,1.0
9,317,0.0,1.0
9,340,0.0,1.0
9,351,0.0,1.0
9,416,0.3333333333333333,0.6666666666666666
9,434,0.0,1.0
9,446,0.0,1.0
9,465,0.0,1.0
9,498,0.0,1.0
9,550,0.0,1.0
9,570,0.0,1.0
9,593,0.0,1.0
9,611,0.0,1.0
10,393,0.0,1.0
11,90,0.3333333333333333,0.6666666666666666
11,174,0.0,1.0
11,212,0.0,1.0
11,264,0.0,1.0
11,380,0.0,1.0
12,224,0.3333333333333333,0.6666666666666666
12,548,0.0,1.0
15,43,0.0,1.0
15,67,0.0,1.0
15,70,0.0,1.0
15,265,0.0,1.0
15,340,0.0,1.0
15,432,0.0,1.0
15,454,0.0,1.0
15,505,0.0,1.0
16,75,0.0,1.0
16,119,0.0,1.0
16,237,0.0,1.0
16,274,0.3333333333333333,0.6666666666666666
16,334,0.0,1.0
16,374,0.0,1.0
16,400,0.0,1.0
16,466,0.0,1.0
16,516,0.0,1.0
16,545,0.0,1.0
16,613,0.0,1.0
17,185,0.0,1.0
17,299,0.0,1.0
17,450,0.0,1.0
20,238,0.0,1.0
20,324,0.0,1.0
21,329,0.0,1.0
21,441,0.0,1.0
21,516,0.0,1.0
22,104,0.0,1.0
22,270,0.0,1.0
22,420,0.3333333333333333,0.6666666666666666
23,54,0.0,1.0
23,58,0.0,1.0
23,67,0.0,1.0
23,128,0.0,1.0
23,157,0.0,1.0
23,182,0.0,1.0
23,257,0.0,1.0
23,288,0.0,1.0
23,340,0.0,1.0
23,343,0.0,1.0
23,434,0.0,1.0
24,30,0.3333333333333333,0.6666666666666666
24,230,0.0,1.0
24,306,0.0,1.0
24,501,0.0,1.0
24,547,0.0,1.0
24,591,0.0,1.0
28,147,0.0,1.0
28,230,0.0,1.0
30,213,0.3333333333333333,0.6666666666666666
31,41,0.0,1.0
31,63,0.0,1.0
31,142,0.0,1.0
31,179,0.0,1.0
31,193,0.0,1.0
31,255,0.3333333333333333,0.6666666666666666
31,269,0.0,1.0
31,285,0.0,1.0
31,297,0.0,1.0
31,315,0.0,1.0
31,327,0.0,1.0
31,357,0.0,1.0
31,424,0.0,1.0
31,488,0.0,1.0
31,504,0.3333333333333333,0.6666666666666666
31,507,0.0,1.0
31,515,0.0,1.0
31,524,0.0,1.0
31,543,0.0,1.0
31,546,0.0,1.0
31,595,0.0,1.0
32,89,0.0,1.0
32,159,0.0,1.0
32,221,0.3333333333333333,0.6666666666666666
32,265,0.0,1.0
32,300,0.0,1.0
32,364,0.0,1.0
32,581,0.0,1.0
34,43,0.3333333333333333,0.6666666666666666
34,89,0.3333333333333333,0.6666666666666666
34,208,0.0,1.0
34,254,0.0,1.0
34,265,0.0,1.0
34,373,0.0,1.0
34,419,0.0,1.0
35,56,0.0,1.0
35,58,0.0,1.0
35,87,0.0,1.0
35,89,0.0,1.0
35,90,0.0,1.0
35,131,0.0,1.0
35,195,0.0,1.0
35,198,0.0,1.0
35,243,0.0,1.0
35,265,0.0,1.0
35,338,0.0,1.0
35,389,0.0,1.0
35,439,0.0,1.0
35,536,0.0,1.0
35,597,0.0,1.0
35,611,0.0,1.0
35,615,0.0,1.0
37,56,0.0,1.0
38,357,0.3333333333333333,0.6666666666666666
39,43,0.0,1.0
39,235,0.3333333333333333,0.6666666666666666
39,250,0.0,1.0
39,340,0.0,1.0
39,509,0.3333333333333333,0.6666666666666666
39,576,0.0,1.0
39,603,0.0,1.0
40,240,0.0,1.0
40,352,0.0,1.0
40,484,0.0,1.0
40,538,0.0,1.0
41,109,0.0,1.0
41,121,0.0,1.0
41,193,0.0,1.0
41,265,0.0,1.0
41,282,0.0,1.0
41,321,0.0,1.0
41,434,0.0,1.0
41,465,0.0,1.0
41,611,0.0,1.0
43,67,0.0,1.0
43,83,0.0,1.0
43,253,0.0,1.0
43,265,0.0,1.0
43,340,0.0,1.0
43,360,0.0,1.0
43,505,0.0,1.0
43,577,0.0,1.0
44,479,0.3333333333333333,0.6666666666666666
45,63,0.0,1.0
45,357,0.0,1.0
45,518,0.0,1.0
46,67,0.0,1.0
46,86,0.0,1.0
46,317,0.0,1.0
46,417,0.0,1.0
46,550,0.0,1.0
46,578,0.0,1.0
48,164,0.0,1.0
48,357,0.0,1.0
48,518,0.0,1.0
48,524,0.0,1.0
49,293,0.0,1.0
50,67,0.0,1.0
50,70,0.0,1.0
50,131,0.0,1.0
50,171,0.0,1.0
50,182,0.0,1.0
50,183,0.0,1.0
50,289,0.0,1.0
50,389,0.0,1.0
50,544,0.0,1.0
50,578,0.0,1.0
52,494,0.0,1.0
54,208,0.3333333333333333,0.6666666666666666
54,265,0.0,1.0
54,275,0.0,1.0
54,536,0.0,1.0
55,68,0.3333333333333333,0.6666666666666666
55,78,0.3333333333333333,0.6666666666666666
55,154,0.0,1.0
55,158,0.0,1.0
55,210,0.0,1.0
55,214,0.0,1.0
55,252,0.0,1.0
55,437,0.0,1.0
55,452,0.0,1.0
56,60,0.0,1.0
56,67,0.0,1.0
56,68,0.0,1.0
56,70,0.0,1.0
56,87,0.0,1.0
56,89,0.0,1.0
56,90,0.0,1.0
56,102,0.0,1.0
56,116,0.0,1.0
56,130,0.0,1.0
56,131,0.0,1.0
56,151,0.0,1.0
56,182,0.0,1.0
56,195,0.0,1.0
56,198,0.0,1.0
56,229,0.0,1.0
56,235,0.0,1.0
56,244,0.0,1.0
56,289,0.0,1.0
56,338,0.0,1.0
56,340,0.0,1.0
56,345,0.0,1.0
56,350,0.0,1.0
56,351,0.0,1.0
56,375,0.0,1.0
56,439,0.0,1.0
56,465,0.0,1.0
56,479,0.0,1.0
56,505,0.0,1.0
56,577,0.0,1.0
56,597,0.0,1.0
56,601,0.0,1.0
56,603,0.0,1.0
56,611,0.0,1.0
56,616,0.0,1.0
56,617,0.0,1.0
58,89,0.0,1.0
58,90,0.0,1.0
58,302,0.0,1.0
58,350,0.0,1.0
58,434,0.0,1.0
58,601,0.0,1.0
58,603,0.0,1.0
58,611,0.0,1.0
58,616,0.0,1.0
59,265,0.0,1.0
60,198,0.0,1.0
60,265,0.0,1.0
60,350,0.0,1.0
60,436,0.3333333333333333,0.6666666666666666
60,439,0.0,1.0
62,169,0.0,1.0
62,193,0.0,1.0
62,265,0.0,1.0
62,266,0.0,1.0
62,269,0.0,1.0
62,282,0.0,1.0
62,392,0.0,1.0
62,449,0.0,1.0
62,611,0.0,1.0
63,139,0.0,1.0
63,164,0.0,1.0
63,316,0.3333333333333333,0.6666666666666666
63,448,0.0,1.0
63,504,0.0,1.0
63,518,0.0,1.0
63,532,0.3333333333333333,0.6666666666666666
63,602,0.0,1.0
65,185,0.0,1.0
65,240,0.0,1.0
65,299,0.0,1.0
65,450,0.0,1.0
65,608,0.0,1.0
67,70,0.0,1.0
67,89,0.0,1.0
67,90,0.0,1.0
67,102,0.0,1.0
67,107,0.0,1.0
67,131,0.0,1.0
67,146,0.0,1.0
67,181,0.0,1.0
67,183,0.0,1.0
67,189,0.0,1.0
67,198,0.0,1.0
67,205,0.3333333333333333,0.6666666666666666
67,229,0.0,1.0
67,238,0.3333333333333333,0.6666666666666666
67,245,0.0,1.0
67,248,0.0,1.0
67,249,0.0,1.0
67,253,0.0,1.0
67,254,0.0,1.0
67,265,0.0,1.0
67,288,0.0,1.0
67,289,0.0,1.0
67,291,0.0,1.0
67,317,0.0,1.0
67,323,0.0,1.0
67,325,0.0,1.0
67,340,0.0,1.0
67,351,0.0,1.0
67,352,0.0,1.0
67,372,0.0,1.0
67,389,0.0,1.0
67,410,0.0,1.0
67,416,0.0,1.0
67,419,0.0,1.0
67,434,0.0,1.0
67,440,0.0,1.0
67,445,0.0,1.0
67,469,0.0,1.0
67,498,0.0,1.0
67,505,0.0,1.0
67,531,0.0,1.0
67,550,0.0,1.0
67,570,0.0,1.0
67,577,0.0,1.0
67,578,0.0,1.0
67,593,0.0,1.0
67,603,0.0,1.0
67,611,0.0,1.0
68,70,0.0,1.0
68,198,0.0,1.0
68,242,0.0,1.0
68,265,0.0,1.0
68,288,0.0,1.0
68,340,0.0,1.0
68,505,0.0,1.0
68,603,0.0,1.0
69,253,0.0,1.0
69,498,0.0,1.0
70,72,0.0,1.0
70,89,0.0,1.0
70,90,0.0,1.0
70,102,0.0,1.0
70,116,0.0,1.0
70,170,0.0,1.0
70,181,0.0,1.0
70,229,0.0,1.0
70,235,0.0,1.0
70,244,0.0,1.0
70,248,0.0,1.0
70,249,0.0,1.0
70,254,0.0,1.0
70,265,0.0,1.0
70,269,0.0,1.0
70,288,0.0,1.0
70,317,0.0,1.0
70,323,0.0,1.0
70,340,0.0,1.0
70,342,0.0,1.0
70,370,0.3333333333333333,0.6666666666666666
70,383,0.0,1.0
70,403,0.0,1.0
70,416,0.3333333333333333,0.6666666666666666
70,439,0.0,1.0
70,465,0.0,1.0
70,473,0.0,1.0
70,498,0.0,1.0
70,505,0.0,1.0
70,526,0.0,1.0
70,536,0.0,1.0
70,550,0.0,1.0
70,568,0.3333333333333333,0.6666666666666666
70,570,0.0,1.0
70,577,0.0,1.0
70,599,0.0,1.0
70,601,0.0,1.0
70,611,0.0,1.0
70,616,0.0,1.0
72,269,0.0,1.0
73,369,0.0,1.0
75,117,0.0,1.0
75,119,0.0,1.0
75,237,0.0,1.0
75,274,0.0,1.0
75,334,0.0,1.0
75,400,0.0,1.0
75,516,0.0,1.0
78,154,0.0,1.0
78,158,0.0,1.0
78,210,0.0,1.0
78,214,0.0,1.0
78,223,0.0,1.0
78,252,0.3333333333333333,0.6666666666666666
78,437,0.0,1.0
78,452,0.0,1.0
79,85,0.0,1.0
79,357,0.0,1.0
79,414,0.0,1.0
79,491,0.0,1.0
79,518,0.0,1.0
79,546,0.0,1.0
79,595,0.0,1.0
81,563,0.0,1.0
82,261,0.0,1.0
82,389,0.0,1.0
82,451,0.0,1.0
83,254,0.0,1.0
83,265,0.0,1.0
83,288,0.0,1.0
83,317,0.0,1.0
83,373,0.3333333333333333,0.6666666666666666
83,419,0.3333333333333333,0.6666666666666666
83,465,0.0,1.0
84,374,0.0,1.0
84,441,0.0,1.0
84,545,0.0,1.0
85,335,0.0,1.0
85,518,0.0,1.0
87,89,0.0,1.0
87,90,0.0,1.0
87,131,0.0,1.0
87,175,0.0,1.0
87,182,0.0,1.0
87,198,0.0,1.0
87,217,0.0,1.0
87,227,0.0,1.0
87,229,0.0,1.0
87,265,0.0,1.0
87,289,0.0,1.0
87,338,0.0,1.0
87,340,0.0,1.0
87,346,0.3333333333333333,0.6666666666666666
87,350,0.0,1.0
87,389,0.0,1.0
87,439,0.0,1.0
87,479,0.0,1.0
87,526,0.0,1.0
87,576,0.0,1.0
87,580,0.0,1.0
87,597,0.0,1.0
87,601,0.0,1.0
87,611,0.0,1.0
87,616,0.0,1.0
88,265,0.0,1.0
88,498,0.0,1.0
88,550,0.0,1.0
89,90,0.0,1.0
89,116,0.0,1.0
89,128,0.0,1.0
89,136,0.0,1.0
89,151,0.0,1.0
89,182,0.0,1.0
89,217,0.0,1.0
89,221,0.0,1.0
89,245,0.0,1.0
89,248,0.0,1.0
89,254,0.0,1.0
89,275,0.0,1.0
89,288,0.0,1.0
89,300,0.0,1.0
89,317,0.0,1.0
89,324,0.0,1.0
89,340,0.0,1.0
89,343,0.0,1.0
89,350,0.0,1.0
89,351,0.0,1.0
89,419,0.0,1.0
89,432,0.0,1.0
89,465,0.0,1.0
89,558,0.0,1.0
89,569,0.3333333333333333,0.6666666666666666
89,584,0.0,1.0
89,597,0.0,1.0
89,601,0.0,1.0
90,116,0.0,1.0
90,131,0.0,1.0
90,151,0.0,1.0
90,157,0.0,1.0
90,182,0.0,1.0
90,198,0.0,1.0
90,206,0.0,1.0
90,208,0.0,1.0
90,217,0.0,1.0
90,227,0.0,1.0
90,229,0.0,1.0
90,238,0.0,1.0
90,265,0.0,1.0
90,275,0.0,1.0
90,289,0.0,1.0
90,317,0.0,1.0
90,340,0.0,1.0
90,342,0.0,1.0
90,350,0.0,1.0
90,355,0.0,1.0
90,372,0.0,1.0
90,373,0.0,1.0
90,389,0.0,1.0
90,434,0.0,1.0
90,439,0.0,1.0
90,473,0.0,1.0
90,479,0.0,1.0
90,505,0.0,1.0
90,550,0.0,1.0
90,580,0.0,1.0
90,584,0.0,1.0
90,597,0.0,1.0
90,601,0.0,1.0
90,603,0.0,1.0
90,611,0.0,1.0
90,616,0.0,1.0
91,104,0.3333333333333333,0.6666666666666666
91,563,0.0,1.0
93,146,0.0,1.0
93,567,0.0,1.0
94,103,0.0,1.0
98,216,0.0,1.0
98,605,0.0,1.0
99,142,0.0,1.0
99,337,0.3333333333333333,0.6666666666666666
101,152,0.0,1.0
101,311,0.0,1.0
101,329,0.0,1.0
101,545,0.0,1.0
102,198,0.0,1.0
102,217,0.0,1.0
102,227,0.0,1.0
102,554,0.0,1.0
104,253,0.0,1.0
104,290,0.0,1.0
104,469,0.0,1.0
107,265,0.0,1.0
107,291,0.0,1.0
107,340,0.0,1.0
107,383,0.0,1.0
107,498,0.0,1.0
107,550,0.0,1.0
107,584,0.3333333333333333,0.6666666666666666
108,147,0.0,1.0
108,230,0.0,1.0
108,527,0.0,1.0
109,169,0.0,1.0
109,181,0.0,1.0
111,229,0.0,1.0
111,265,0.0,1.0
111,451,0.0,1.0
112,498,0.0,1.0
113,222,0.0,1.0
113,358,0.0,1.0
113,398,0.0,1.0
113,494,0.0,1.0
113,522,0.0,1.0
113,555,0.0,1.0
113,559,0.0,1.0
114,134,0.0,1.0
114,138,0.0,1.0
114,143,0.0,1.0
114,200,0.3333333333333333,0.6666666666666666
114,397,0.0,1.0
115,145,0.0,1.0
115,264,0.3333333333333333,0.6666666666666666
116,151,0.0,1.0
116,182,0.0,1.0
116,198,0.0,1.0
116,243,0.0,1.0
116,248,0.0,1.0
116,265,0.0,1.0
116,342,0.0,1.0
116,372,0.0,1.0
116,434,0.0,1.0
116,446,0.0,1.0
116,536,0.0,1.0
116,558,0.0,1.0
116,593,0.0,1.0
116,611,0.0,1.0
116,616,0.0,1.0
117,119,0.0,1.0
117,137,0.0,1.0
117,237,0.0,1.0
117,274,0.0,1.0
117,334,0.0,1.0
117,374,0.0,1.0
117,400,0.0,1.0
117,516,0.0,1.0
117,545,0.0,1.0
117,613,0.0,1.0
118,357,0.0,1.0
118,507,0.0,1.0
118,518,0.0,1.0
119,237,0.0,1.0
119,334,0.0,1.0
119,374,0.0,1.0
119,400,0.0,1.0
119,466,0.0,1.0
119,516,0.0,1.0
119,545,0.0,1.0
119,613,0.0,1.0
120,265,0.0,1.0
120,464,0.3333333333333333,0.6666666666666666
121,227,0.0,1.0
121,265,0.0,1.0
121,433,0.0,1.0
122,131,0.0,1.0
123,292,0.0,1.0
123,347,0.0,1.0
123,491,0.0,1.0
123,518,0.0,1.0
124,374,0.0,1.0
124,545,0.0,1.0
124,613,0.0,1.0
125,149,0.0,1.0
125,308,0.0,1.0
125,398,0.3333333333333333,0.6666666666666666
125,423,0.0,1.0
126,147,0.0,1.0
126,502,0.0,1.0
127,347,0.0,1.0
127,357,0.0,1.0
127,518,0.0,1.0
128,131,0.0,1.0
128,135,0.0,1.0
128,207,0.3333333333333333,0.6666666666666666
128,208,0.0,1.0
128,254,0.0,1.0
128,265,0.0,1.0
128,289,0.0,1.0
128,404,0.0,1.0
128,419,0.0,1.0
128,446,0.0,1.0
128,465,0.0,1.0
128,570,0.0,1.0
128,576,0.0,1.0
129,442,0.0,1.0
130,131,0.0,1.0
130,136,0.0,1.0
130,151,0.0,1.0
130,217,0.0,1.0
130,288,0.0,1.0
130,317,0.3333333333333333,0.6666666666666666
130,340,0.0,1.0
130,342,0.0,1.0
130,355,0.0,1.0
130,432,0.0,1.0
130,597,0.0,1.0
131,151,0.0,1.0
131,157,0.0,1.0
131,182,0.0,1.0
131,217,0.0,1.0
131,229,0.0,1.0
131,238,0.0,1.0
131,248,0.0,1.0
131,265,0.0,1.0
131,288,0.0,1.0
131,324,0.3333333333333333,0.6666666666666666
131,343,0.0,1.0
131,351,0.0,1.0
131,505,0.0,1.0
131,510,0.0,1.0
131,597,0.0,1.0
131,601,0.0,1.0
131,607,0.3333333333333333,0.6666666666666666
133,407,0.0,1.0
134,184,0.0,1.0
134,232,0.0,1.0
134,563,0.0,1.0
135,227,0.0,1.0
135,317,0.0,1.0
135,350,0.0,1.0
135,359,0.0,1.0
135,360,0.0,1.0
135,386,0.0,1.0
135,446,0.0,1.0
135,458,0.0,1.0
136,155,0.0,1.0
136,208,0.0,1.0
136,229,0.0,1.0
136,265,0.0,1.0
136,389,0.0,1.0
136,439,0.0,1.0
136,576,0.0,1.0
137,152,0.0,1.0
137,311,0.0,1.0
137,441,0.0,1.0
137,545,0.3333333333333333,0.6666666666666666
139,518,0.3333333333333333,0.6666666666666666
140,360,0.3333333333333333,0.6666666666666666
140,581,0.0,1.0
141,574,0.0,1.0
142,491,0.0,1.0
142,518,0.0,1.0
142,524,0.0,1.0
142,596,0.0,1.0
143,151,0.0,1.0
143,172,0.0,1.0
143,182,0.0,1.0
143,184,0.0,1.0
143,408,0.0,1.0
143,456,0.0,1.0
143,580,0.0,1.0
143,581,0.0,1.0
144,150,0.0,1.0
144,311,0.0,1.0
144,353,0.3333333333333333,0.6666666666666666
144,374,0.0,1.0
144,382,0.3333333333333333,0.6666666666666666
144,545,0.0,1.0
145,241,0.0,1.0
145,264,0.0,1.0
145,380,0.0,1.0
145,525,0.0,1.0
146,193,0.0,1.0
146,232,0.0,1.0
146,354,0.0,1.0
146,498,0.0,1.0
146,505,0.0,1.0
147,230,0.0,1.0
147,279,0.0,1.0
147,438,0.0,1.0
147,501,0.0,1.0
147,502,0.0,1.0
147,527,0.0,1.0
147,591,0.0,1.0
148,253,0.0,1.0
148,265,0.0,1.0
148,563,0.0,1.0
149,276,0.0,1.0
149,319,0.0,1.0
149,494,0.0,1.0
149,522,0.0,1.0
150,311,0.0,1.0
150,329,0.0,1.0
150,374,0.0,1.0
150,545,0.3333333333333333,0.6666666666666666
150,613,0.0,1.0
151,195,0.0,1.0
151,229,0.0,1.0
151,265,0.0,1.0
151,289,0.0,1.0
151,324,0.3333333333333333,0.6666666666666666
151,375,0.0,1.0
151,389,0.0,1.0
151,557,0.0,1.0
151,580,0.0,1.0
151,597,0.0,1.0
151,601,0.0,1.0
151,603,0.0,1.0
151,611,0.0,1.0
152,284,0.3333333333333333,0.6666666666666666
152,311,0.0,1.0
152,329,0.0,1.0
152,374,0.0,1.0
152,382,0.0,1.0
152,545,0.0,1.0
154,158,0.0,1.0
154,214,0.0,1.0
154,223,0.0,1.0
154,252,0.0,1.0
154,331,0.0,1.0
154,437,0.0,1.0
154,452,0.0,1.0
155,254,0.0,1.0
155,265,0.0,1.0
155,293,0.0,1.0
155,404,0.3333333333333333,0.6666666666666666
155,570,0.0,1.0
155,576,0.0,1.0
157,257,0.0,1.0
157,288,0.0,1.0
157,603,0.0,1.0
158,437,0.0,1.0
158,452,0.3333333333333333,0.6666666666666666
159,360,0.0,1.0
159,375,0.0,1.0
159,397,0.0,1.0
159,432,0.0,1.0
160,383,0.0,1.0
162,498,0.0,1.0
163,220,0.3333333333333333,0.6666666666666666
163,429,0.0,1.0
163,478,0.0,1.0
163,535,0.0,1.0
164,169,0.3333333333333333,0.6666666666666666
164,176,0.0,1.0
164,179,0.0,1.0
164,256,0.0,1.0
164,307,0.0,1.0
164,315,0.0,1.0
164,327,0.0,1.0
164,357,0.0,1.0
164,424,0.0,1.0
164,488,0.0,1.0
164,491,0.0,1.0
164,508,0.0,1.0
164,518,0.0,1.0
164,524,0.0,1.0
164,543,0.0,1.0
164,546,0.0,1.0
164,595,0.0,1.0
165,179,0.0,1.0
165,357,0.0,1.0
165,518,0.0,1.0
165,524,0.0,1.0
166,182,0.0,1.0
166,183,0.0,1.0
166,611,0.0,1.0
169,181,0.0,1.0
169,265,0.0,1.0
169,282,0.0,1.0
169,397,0.0,1.0
169,611,0.0,1.0
170,340,0.3333333333333333,0.6666666666666666
170,383,0.0,1.0
171,459,0.0,1.0
171,584,0.3333333333333333,0.6666666666666666
172,599,0.0,1.0
172,611,0.0,1.0
174,212,0.0,1.0
174,259,0.0,1.0
174,264,0.0,1.0
175,265,0.0,1.0
175,576,0.0,1.0
175,611,0.0,1.0
176,216,0.0,1.0
176,220,0.0,1.0
176,362,0.0,1.0
176,427,0.0,1.0
176,497,0.0,1.0
177,389,0.0,1.0
177,510,0.0,1.0
178,495,0.0,1.0
179,292,0.0,1.0
179,357,0.0,1.0
179,518,0.0,1.0
179,524,0.0,1.0
181,235,0.0,1.0
181,248,0.0,1.0
181,258,0.0,1.0
181,340,0.0,1.0
181,476,0.0,1.0
181,552,0.0,1.0
182,195,0.0,1.0
182,198,0.0,1.0
182,229,0.0,1.0
182,246,0.0,1.0
182,265,0.3333333333333333,0.6666666666666666
182,289,0.0,1.0
182,300,0.0,1.0
182,317,0.0,1.0
182,345,0.0,1.0
182,350,0.0,1.0
182,375,0.0,1.0
182,389,0.0,1.0
182,439,0.0,1.0
182,451,0.0,1.0
182,456,0.0,1.0
182,463,0.0,1.0
182,557,0.0,1.0
182,603,0.0,1.0
182,617,0.3333333333333333,0.6666666666666666
183,202,0.0,1.0
183,265,0.0,1.0
183,459,0.0,1.0
184,251,0.0,1.0
184,397,0.0,1.0
184,456,0.0,1.0
185,240,0.0,1.0
185,356,0.0,1.0
185,377,0.0,1.0
185,432,0.0,1.0
185,538,0.0,1.0
186,202,0.0,1.0
186,459,0.0,1.0
187,217,0.0,1.0
187,270,0.0,1.0
187,420,0.0,1.0
189,288,0.0,1.0
189,340,0.0,1.0
189,505,0.3333333333333333,0.6666666666666666
189,558,0.0,1.0
191,518,0.0,1.0
191,524,0.0,1.0
192,356,0.3333333333333333,0.6666666666666666
192,559,0.0,1.0
193,282,0.0,1.0
193,285,0.0,1.0
193,433,0.0,1.0
194,619,0.0,1.0
195,217,0.0,1.0
195,227,0.0,1.0
195,257,0.0,1.0
195,340,0.0,1.0
195,350,0.0,1.0
195,389,0.0,1.0
195,526,0.0,1.0
195,597,0.0,1.0
198,217,0.0,1.0
198,229,0.0,1.0
198,238,0.0,1.0
198,245,0.0,1.0
198,265,0.0,1.0
198,317,0.0,1.0
198,340,0.0,1.0
198,355,0.0,1.0
198,372,0.0,1.0
198,432,0.0,1.0
198,505,0.0,1.0
198,558,0.0,1.0
198,577,0.0,1.0
198,580,0.0,1.0
198,597,0.0,1.0
198,601,0.0,1.0
198,603,0.0,1.0
199,316,0.0,1.0
201,456,0.3333333333333333,0.6666666666666666
202,288,0.0,1.0
202,340,0.0,1.0
202,343,0.0,1.0
202,555,0.0,1.0
203,345,0.0,1.0
204,540,0.0,1.0
205,558,0.3333333333333333,0.6666666666666666
208,288,0.0,1.0
208,446,0.0,1.0
208,455,0.0,1.0
208,601,0.0,1.0
210,214,0.3333333333333333,0.6666666666666666
210,223,0.0,1.0
210,252,0.0,1.0
210,452,0.0,1.0
212,264,0.0,1.0
212,380,0.0,1.0
212,485,0.0,1.0
213,230,0.3333333333333333,0.6666666666666666
214,223,0.0,1.0
214,452,0.3333333333333333,0.6666666666666666
214,533,0.0,1.0
214,534,0.3333333333333333,0.6666666666666666
215,540,0.0,1.0
216,618,0.0,1.0
217,229,0.0,1.0
217,245,0.0,1.0
217,265,0.0,1.0
217,289,0.0,1.0
217,317,0.0,1.0
217,350,0.0,1.0
217,404,0.0,1.0
217,413,0.0,1.0
217,473,0.0,1.0
217,510,0.0,1.0
217,576,0.0,1.0
217,577,0.0,1.0
217,585,0.0,1.0
217,597,0.0,1.0
217,601,0.0,1.0
217,611,0.0,1.0
220,429,0.0,1.0
220,497,0.3333333333333333,0.6666666666666666
220,535,0.0,1.0
222,365,0.0,1.0
222,467,0.0,1.0
222,522,0.0,1.0
223,252,0.0,1.0
223,452,0.0,1.0
223,542,0.3333333333333333,0.6666666666666666
224,244,0.0,1.0
224,262,0.0,1.0
224,352,0.0,1.0
224,363,0.0,1.0
224,388,0.0,1.0
224,401,0.3333333333333333,0.6666666666666666
224,470,0.0,1.0
224,517,0.0,1.0
224,526,0.0,1.0
224,552,0.0,1.0
224,569,0.0,1.0
225,290,0.0,1.0
225,469,0.0,1.0
225,498,0.0,1.0
225,584,0.0,1.0
226,431,0.0,1.0
226,522,0.3333333333333333,0.6666666666666666
227,265,0.0,1.0
227,436,0.0,1.0
227,442,0.0,1.0
227,557,0.0,1.0
229,265,0.0,1.0
229,289,0.0,1.0
229,317,0.0,1.0
229,340,0.0,1.0
229,389,0.0,1.0
229,436,0.0,1.0
229,440,0.0,1.0
229,445,0.0,1.0
229,446,0.0,1.0
229,505,0.0,1.0
229,554,0.0,1.0
229,576,0.0,1.0
229,597,0.0,1.0
230,306,0.0,1.0
230,501,0.0,1.0
230,502,0.0,1.0
230,527,0.0,1.0
230,547,0.0,1.0
230,591,0.0,1.0
232,253,0.0,1.0
232,498,0.0,1.0
233,265,0.3333333333333333,0.6666666666666666
235,258,0.0,1.0
235,352,0.0,1.0
235,363,0.0,1.0
235,368,0.0,1.0
235,517,0.0,1.0
235,526,0.0,1.0
235,578,0.0,1.0
237,274,0.0,1.0
237,334,0.0,1.0
237,374,0.0,1.0
237,400,0.0,1.0
237,516,0.0,1.0
237,545,0.0,1.0
238,265,0.0,1.0
238,289,0.0,1.0
238,325,0.0,1.0
238,340,0.3333333333333333,0.6666666666666666
238,449,0.0,1.0
238,550,0.0,1.0
238,603,0.0,1.0
238,611,0.0,1.0
238,616,0.0,1.0
239,343,0.3333333333333333,0.6666666666666666
239,601,0.3333333333333333,0.6666666666666666
240,299,0.0,1.0
240,377,0.0,1.0
240,484,0.0,1.0
240,563,0.0,1.0
241,485,0.0,1.0
242,265,0.0,1.0
242,323,0.0,1.0
242,434,0.0,1.0
242,498,0.0,1.0
242,611,0.0,1.0
244,352,0.0,1.0
244,354,0.3333333333333333,0.6666666666666666
244,368,0.0,1.0
244,472,0.0,1.0
244,552,0.3333333333333333,0.6666666666666666
245,265,0.0,1.0
245,322,0.0,1.0
245,340,0.0,1.0
245,416,0.0,1.0
245,473,0.0,1.0
245,509,0.0,1.0
245,593,0.0,1.0
245,611,0.0,1.0
245,616,0.0,1.0
248,265,0.0,1.0
248,269,0.0,1.0
248,288,0.0,1.0
248,289,0.0,1.0
248,291,0.0,1.0
248,340,0.0,1.0
248,343,0.0,1.0
248,352,0.0,1.0
248,416,0.0,1.0
248,498,0.0,1.0
248,505,0.0,1.0
249,288,0.0,1.0
249,340,0.0,1.0
250,440,0.0,1.0
251,456,0.0,1.0
252,437,0.0,1.0
252,452,0.0,1.0
253,323,0.0,1.0
253,354,0.0,1.0
253,498,0.0,1.0
253,505,0.0,1.0
253,563,0.0,1.0
254,265,0.0,1.0
254,288,0.0,1.0
254,340,0.0,1.0
254,419,0.0,1.0
254,465,0.0,1.0
254,505,0.0,1.0
254,558,0.0,1.0
254,570,0.0,1.0
255,518,0.3333333333333333,0.6666666666666666
255,524,0.3333333333333333,0.6666666666666666
257,265,0.0,1.0
257,616,0.0,1.0
258,363,0.0,1.0
258,476,0.0,1.0
258,519,0.3333333333333333,0.6666666666666666
259,264,0.0,1.0
259,485,0.0,1.0
260,432,0.0,1.0
260,458,0.0,1.0
261,265,0.0,1.0
261,397,0.0,1.0
261,436,0.0,1.0
262,368,0.0,1.0
263,311,0.0,1.0
264,318,0.0,1.0
264,485,0.0,1.0
264,525,0.0,1.0
265,275,0.0,1.0
265,277,0.0,1.0
265,288,0.0,1.0
265,312,0.0,1.0
265,317,0.0,1.0
265,320,0.0,1.0
265,321,0.0,1.0
265,324,0.0,1.0
265,338,0.0,1.0
265,340,0.0,1.0
265,341,0.0,1.0
265,343,0.0,1.0
265,345,0.0,1.0
265,350,0.0,1.0
265,351,0.0,1.0
265,361,0.0,1.0
265,372,0.0,1.0
265,375,0.0,1.0
265,383,0.0,1.0
265,386,0.0,1.0
265,397,0.0,1.0
265,404,0.0,1.0
265,408,0.0,1.0
265,419,0.0,1.0
265,426,0.0,1.0
265,432,0.0,1.0
265,436,0.0,1.0
265,439,0.0,1.0
265,446,0.0,1.0
265,449,0.0,1.0
265,454,0.0,1.0
265,456,0.0,1.0
265,458,0.0,1.0
265,465,0.0,1.0
265,479,0.0,1.0
265,505,0.0,1.0
265,510,0.0,1.0
265,531,0.0,1.0
265,549,0.0,1.0
265,557,0.3333333333333333,0.6666666666666666
265,558,0.0,1.0
265,569,0.0,1.0
265,570,0.0,1.0
265,578,0.0,1.0
265,582,0.3333333333333333,0.6666666666666666
265,584,0.0,1.0
265,585,0.3333333333333333,0.6666666666666666
265,594,0.0,1.0
265,597,0.0,1.0
265,599,0.0,1.0
265,601,0.0,1.0
265,611,0.0,1.0
265,615,0.0,1.0
265,616,0.0,1.0
268,463,0.0,1.0
269,599,0.0,1.0
271,273,0.3333333333333333,0.6666666666666666
271,603,0.0,1.0
274,334,0.0,1.0
274,374,0.0,1.0
274,466,0.0,1.0
274,516,0.0,1.0
274,545,0.0,1.0
274,613,0.0,1.0
275,340,0.3333333333333333,0.6666666666666666
275,434,0.0,1.0
275,584,0.0,1.0
275,593,0.0,1.0
275,611,0.0,1.0
276,398,0.0,1.0
276,494,0.0,1.0
276,555,0.0,1.0
276,619,0.0,1.0
281,404,0.0,1.0
282,285,0.0,1.0
282,364,0.0,1.0
284,374,0.0,1.0
286,368,0.0,1.0
287,303,0.0,1.0
288,317,0.0,1.0
288,323,0.0,1.0
288,340,0.0,1.0
288,342,0.0,1.0
288,350,0.0,1.0
288,351,0.0,1.0
288,419,0.0,1.0
288,434,0.0,1.0
288,459,0.0,1.0
288,465,0.0,1.0
288,536,0.0,1.0
288,550,0.0,1.0
288,570,0.0,1.0
288,576,0.0,1.0
288,593,0.0,1.0
288,611,0.0,1.0
288,616,0.0,1.0
289,317,0.0,1.0
289,325,0.0,1.0
289,340,0.0,1.0
289,343,0.0,1.0
289,351,0.0,1.0
289,359,0.3333333333333333,0.6666666666666666
289,416,0.3333333333333333,0.6666666666666666
289,505,0.0,1.0
289,510,0.0,1.0
289,597,0.0,1.0
289,601,0.0,1.0
290,469,0.0,1.0
290,498,0.0,1.0
292,307,0.0,1.0
292,405,0.3333333333333333,0.6666666666666666
292,421,0.0,1.0
292,448,0.3333333333333333,0.6666666666666666
292,518,0.0,1.0
292,612,0.0,1.0
296,398,0.3333333333333333,0.6666666666666666
297,448,0.0,1.0
297,518,0.3333333333333333,0.6666666666666666
298,360,0.0,1.0
298,389,0.0,1.0
299,356,0.0,1.0
299,377,0.0,1.0
299,510,0.3333333333333333,0.6666666666666666
299,538,0.0,1.0
299,577,0.0,1.0
300,303,0.0,1.0
300,581,0.0,1.0
300,611,0.0,1.0
302,536,0.0,1.0
305,339,0.0,1.0
305,583,0.0,1.0
306,502,0.3333333333333333,0.6666666666666666
307,335,0.0,1.0
307,518,0.0,1.0
307,524,0.0,1.0
311,329,0.0,1.0
311,353,0.0,1.0
311,382,0.0,1.0
311,545,0.0,1.0
313,357,0.0,1.0
313,488,0.0,1.0
313,518,0.3333333333333333,0.6666666666666666
313,524,0.0,1.0
315,524,0.0,1.0
317,324,0.0,1.0
317,340,0.0,1.0
317,343,0.0,1.0
317,350,0.0,1.0
317,352,0.0,1.0
317,372,0.0,1.0
317,404,0.0,1.0
317,434,0.0,1.0
317,446,0.0,1.0
317,505,0.0,1.0
317,550,0.0,1.0
317,576,0.0,1.0
317,584,0.0,1.0
317,603,0.0,1.0
317,611,0.0,1.0
317,617,0.0,1.0
319,365,0.0,1.0
319,398,0.0,1.0
319,522,0.0,1.0
319,559,0.0,1.0
321,389,0.0,1.0
323,340,0.0,1.0
323,434,0.0,1.0
323,498,0.0,1.0
323,593,0.0,1.0
323,610,0.0,1.0
324,372,0.0,1.0
324,422,0.0,1.0
324,568,0.3333333333333333,0.6666666666666666
324,611,0.0,1.0
324,616,0.0,1.0
325,505,0.0,1.0
327,518,0.0,1.0
328,491,0.0,1.0
328,508,0.0,1.0
328,524,0.0,1.0
328,596,0.0,1.0
329,353,0.3333333333333333,0.6666666666666666
329,374,0.0,1.0
329,382,0.0,1.0
329,441,0.0,1.0
329,609,0.0,1.0
330,436,0.0,1.0
331,437,0.3333333333333333,0.6666666666666666
332,467,0.3333333333333333,0.6666666666666666
334,374,0.0,1.0
334,400,0.0,1.0
334,516,0.0,1.0
334,545,0.3333333333333333,0.6666666666666666
334,613,0.0,1.0
335,357,0.0,1.0
335,518,0.0,1.0
337,491,0.3333333333333333,0.6666666666666666
337,498,0.0,1.0
338,505,0.0,1.0
339,444,0.0,1.0
339,583,0.3333333333333333,0.6666666666666666
340,342,0.0,1.0
340,343,0.0,1.0
340,351,0.0,1.0
340,355,0.0,1.0
340,434,0.0,1.0
340,440,0.0,1.0
340,446,0.0,1.0
340,459,0.0,1.0
340,465,0.0,1.0
340,473,0.0,1.0
340,498,0.0,1.0
340,505,0.0,1.0
340,550,0.0,1.0
340,568,0.0,1.0
340,570,0.0,1.0
340,581,0.0,1.0
340,593,0.0,1.0
340,601,0.0,1.0
340,611,0.0,1.0
340,616,0.0,1.0
342,343,0.0,1.0
342,351,0.0,1.0
342,372,0.0,1.0
343,419,0.0,1.0
343,434,0.0,1.0
343,465,0.0,1.0
343,536,0.0,1.0
343,550,0.0,1.0
343,558,0.0,1.0
343,570,0.0,1.0
343,593,0.0,1.0
343,611,0.0,1.0
343,616,0.0,1.0
344,377,0.0,1.0
345,451,0.0,1.0
345,473,0.3333333333333333,0.6666666666666666
345,531,0.0,1.0
345,580,0.0,1.0
346,361,0.3333333333333333,0.6666666666666666
346,599,0.0,1.0
347,488,0.0,1.0
347,518,0.0,1.0
347,524,0.0,1.0
347,543,0.0,1.0
347,586,0.3333333333333333,0.6666666666666666
348,518,0.0,1.0
349,445,0.3333333333333333,0.6666666666666666
350,389,0.0,1.0
350,404,0.0,1.0
350,434,0.0,1.0
350,446,0.0,1.0
350,603,0.0,1.0
350,611,0.0,1.0
352,368,0.0,1.0
352,434,0.0,1.0
352,498,0.0,1.0
352,526,0.0,1.0
352,616,0.0,1.0
353,374,0.0,1.0
353,441,0.0,1.0
353,545,0.3333333333333333,0.6666666666666666
354,498,0.0,1.0
355,550,0.0,1.0
355,603,0.0,1.0
355,616,0.0,1.0
357,395,0.0,1.0
357,428,0.3333333333333333,0.6666666666666666
357,487,0.3333333333333333,0.6666666666666666
357,491,0.0,1.0
357,504,0.0,1.0
357,508,0.0,1.0
357,515,0.0,1.0
357,518,0.0,1.0
357,524,0.0,1.0
357,532,0.0,1.0
357,543,0.0,1.0
357,572,0.0,1.0
357,596,0.0,1.0
358,467,0.0,1.0
358,522,0.3333333333333333,0.6666666666666666
358,555,0.0,1.0
359,404,0.0,1.0
360,364,0.0,1.0
360,389,0.0,1.0
360,404,0.0,1.0
360,479,0.0,1.0
360,568,0.0,1.0
361,550,0.0,1.0
361,576,0.0,1.0
361,611,0.0,1.0
361,616,0.0,1.0
362,478,0.0,1.0
363,388,0.3333333333333333,0.6666666666666666
363,526,0.0,1.0
364,397,0.0,1.0
364,432,0.0,1.0
364,458,0.0,1.0
365,398,0.0,1.0
365,555,0.0,1.0
368,470,0.0,1.0
368,476,0.0,1.0
372,389,0.0,1.0
372,550,0.0,1.0
372,603,0.0,1.0
372,611,0.0,1.0
372,616,0.0,1.0
374,382,0.0,1.0
374,400,0.0,1.0
374,441,0.0,1.0
374,516,0.0,1.0
374,613,0.0,1.0
375,404,0.0,1.0
377,450,0.0,1.0
377,538,0.0,1.0
377,563,0.0,1.0
378,495,0.3333333333333333,0.6666666666666666
380,485,0.0,1.0
382,545,0.3333333333333333,0.6666666666666666
383,603,0.3333333333333333,0.6666666666666666
383,611,0.0,1.0
385,460,0.0,1.0
385,498,0.0,1.0
386,404,0.0,1.0
386,458,0.0,1.0
388,470,0.3333333333333333,0.6666666666666666
388,526,0.0,1.0
389,432,0.0,1.0
389,446,0.0,1.0
389,451,0.0,1.0
389,458,0.0,1.0
395,508,0.0,1.0
395,518,0.0,1.0
397,433,0.3333333333333333,0.6666666666666666
397,581,0.0,1.0
398,555,0.0,1.0
398,598,0.0,1.0
400,466,0.0,1.0
400,516,0.0,1.0
400,545,0.0,1.0
400,613,0.0,1.0
401,526,0.3333333333333333,0.6666666666666666
403,517,0.0,1.0
403,526,0.0,1.0
404,458,0.0,1.0
404,544,0.0,1.0
408,418,0.0,1.0
408,581,0.0,1.0
410,505,0.0,1.0
413,597,0.0,1.0
414,518,0.0,1.0
416,446,0.3333333333333333,0.6666666666666666
416,603,0.3333333333333333,0.6666666666666666
419,465,0.0,1.0
419,570,0.0,1.0
421,491,0.0,1.0
421,518,0.0,1.0
421,524,0.0,1.0
421,595,0.0,1.0
421,602,0.3333333333333333,0.6666666666666666
424,491,0.0,1.0
424,518,0.0,1.0
426,459,0.0,1.0
426,611,0.0,1.0
427,429,0.0,1.0
427,478,0.0,1.0
427,535,0.0,1.0
429,535,0.0,1.0
430,518,0.0,1.0
432,454,0.0,1.0
432,479,0.0,1.0
432,482,0.3333333333333333,0.6666666666666666
432,611,0.0,1.0
434,505,0.0,1.0
434,584,0.0,1.0
434,597,0.0,1.0
436,531,0.0,1.0
437,452,0.0,1.0
438,527,0.0,1.0
441,545,0.0,1.0
445,576,0.0,1.0
446,505,0.0,1.0
446,558,0.0,1.0
446,584,0.0,1.0
446,603,0.0,1.0
446,611,0.0,1.0
446,616,0.0,1.0
448,487,0.0,1.0
448,518,0.0,1.0
448,572,0.0,1.0
448,585,0.0,1.0
448,602,0.0,1.0
449,450,0.0,1.0
449,608,0.0,1.0
453,597,0.0,1.0
456,557,0.3333333333333333,0.6666666666666666
457,518,0.0,1.0
458,611,0.0,1.0
460,498,0.0,1.0
460,571,0.0,1.0
460,587,0.0,1.0
465,505,0.0,1.0
466,613,0.0,1.0
467,555,0.0,1.0
469,498,0.0,1.0
469,505,0.0,1.0
469,563,0.0,1.0
471,618,0.0,1.0
474,498,0.0,1.0
474,529,0.0,1.0
474,550,0.0,1.0
478,486,0.0,1.0
478,535,0.3333333333333333,0.6666666666666666
480,518,0.0,1.0
481,603,0.3333333333333333,0.6666666666666666
485,616,0.3333333333333333,0.6666666666666666
488,524,0.0,1.0
491,508,0.0,1.0
491,515,0.0,1.0
491,566,0.0,1.0
491,579,0.0,1.0
491,586,0.3333333333333333,0.6666666666666666
494,522,0.0,1.0
494,555,0.0,1.0
494,598,0.0,1.0
495,604,0.3333333333333333,0.6666666666666666
497,535,0.0,1.0
498,526,0.0,1.0
498,571,0.0,1.0
498,587,0.0,1.0
501,547,0.0,1.0
502,547,0.0,1.0
505,550,0.0,1.0
505,570,0.0,1.0
505,593,0.0,1.0
505,599,0.0,1.0
505,611,0.0,1.0
508,518,0.0,1.0
508,586,0.3333333333333333,0.6666666666666666
510,518,0.3333333333333333,0.6666666666666666
515,518,0.0,1.0
515,612,0.0,1.0
516,545,0.0,1.0
516,613,0.3333333333333333,0.6666666666666666
517,526,0.0,1.0
518,524,0.0,1.0
518,532,0.3333333333333333,0.6666666666666666
518,543,0.3333333333333333,0.6666666666666666
518,546,0.0,1.0
518,551,0.0,1.0
518,566,0.0,1.0
518,573,0.3333333333333333,0.6666666666666666
518,579,0.0,1.0
518,585,0.0,1.0
518,595,0.3333333333333333,0.6666666666666666
518,596,0.0,1.0
518,602,0.3333333333333333,0.6666666666666666
518,612,0.0,1.0
519,584,0.0,1.0
522,598,0.0,1.0
522,619,0.0,1.0
524,543,0.0,1.0
524,566,0.0,1.0
524,596,0.0,1.0
526,536,0.0,1.0
526,552,0.0,1.0
526,558,0.0,1.0
536,558,0.0,1.0
538,608,0.0,1.0
545,609,0.0,1.0
545,613,0.0,1.0
546,595,0.0,1.0
550,584,0.0,1.0
554,577,0.0,1.0
555,598,0.0,1.0
558,593,0.0,1.0
558,603,0.0,1.0
560,563,0.3333333333333333,0.6666666666666666
571,587,0.0,1.0
576,584,0.0,1.0
576,593,0.0,1.0
576,601,0.0,1.0
576,603,0.0,1.0
578,588,0.0,1.0
578,610,0.3333333333333333,0.6666666666666666
584,603,0.0,1.0
584,611,0.0,1.0
589,601,0.0,1.0
591,605,0.0,1.0
593,597,0.0,1.0
597,601,0.0,1.0
597,603,0.0,1.0
601,603,0.0,1.0
601,616,0.0,1.0
603,616,0.0,1.0
